{"cameraMode":{"drawMode":0,"name":"Shaded","section":"Shading Mode"},"sceneLighting":true,"audioPlay":false,"sceneViewState":{"m_AlwaysRefresh":false,"showFog":true,"showSkybox":true,"showFlares":true,"showImageEffects":true,"showParticleSystems":true,"showVisualEffectGraphs":true,"m_FxEnabled":true},"in2DMode":false,"pivot":{"x":1.3650479316711426,"y":1.3218934535980225,"z":1.093284010887146},"rotation":{"x":0.07469137758016586,"y":-0.9195014834403992,"z":0.21365481615066529,"w":0.3214291036128998},"size":0.9955013394355774,"orthographic":false}